S,L,beta: 1-T=1/8,beta: 1-T=1/100,beta: 1-T=1e-6
1.0,4,3.761117,6.388561,15.607269
1.0,6,5.218219,8.865269,21.657891
1.0,8,6.335881,10.763207,26.294551
1.0,10,7.167545,12.173149,29.739011
1.0,12,7.772605,13.194201,32.233339
0.5,4,3.811398,6.392460,15.607270
0.5,6,5.540672,9.332660,22.792931
0.5,8,7.254374,12.227272,29.860410
0.5,10,8.963600,15.101751,36.875787
0.5,12,10.669597,17.964201,43.859444
0.5,14,12.373086,20.818267,50.820539
0.5,16,14.074578,23.665955,57.764169
0.5,18,15.774427,26.508523,64.693570
