row,j,n_j,b_j,u_j,log10_u_j,gap_bound_from_this_scale,uniform_gap_bound
n0=60,0,60,26.25,0.125,-0.9030899869919435,0.019460023762513934,0.00047919170311848326
n0=60,1,120,52.5,0.1234375,-0.9085528826934457,0.01011193182498194,0.00047919170311848326
n0=60,2,240,105.0,0.120370849609375,-0.9194786740964501,0.005433701207268002,0.00047919170311848326
n0=60,3,480,210.0,0.11446421734189391,-0.9413302569024588,0.003086722121082034,0.00047919170311848326
n0=60,4,960,420.0,0.10350625070836939,-0.9850334225144759,0.0018992743030841572,0.00047919170311848326
n0=60,5,1920,840.0,0.08463699709206016,-1.0724397537385104,0.001283168012109259,0.00047919170311848326
n0=60,6,3840,1680.0,0.05659102808641506,-1.2472524161865794,0.0009447835172299125,0.00047919170311848326
n0=60,7,7680,3360.0,0.0253001012330316,-1.5968777410827175,0.0007438688323070412,0.00047919170311848326
n0=2304,0,2304,784.0,0.01,-2.0,0.0044337993492796855,0.0038210870836147843
n0=2304,1,4608,1568.0,0.0005,-3.3010299956639813,0.0041459113805788934,0.0038210870836147843
n0=2304,2,9216,3136.0,1.25e-06,-5.903089986991944,0.003983976711726698,0.0038210870836147843
n0=2304,3,18432,6272.0,7.8125e-12,-11.107209969647869,0.0039025324955635336,0.0038210870836147843
n0=2304,4,36864,12544.0,3.0517578125e-22,-21.51544993495972,0.0038618097895910274,0.0038210870836147843
n0=2304,5,73728,25088.0,4.656612873077393e-43,-42.33192986558342,0.003841448436602906,0.0038210870836147843
n0=2304,6,147456,50176.0,1.0842021724855044e-84,-83.96488972683082,0.0038312677601088454,0.0038210870836147843
n0=2304,7,294912,100352.0,5.877471754111437e-168,-167.23080944932562,0.0038261774218618146,0.0038210870836147843
