S,identity,n,b,log LHS,log RHS,abs diff (logs)
1.0,"S(n,2b)=S(n,b)^2 T(2n,b)/T(n,b)^2",4,0.5,-4.177835774508085e-01,-4.177835774508090e-01,4.44e-16
1.0,"S(n,2b)=S(n,b)^2 T(2n,b)/T(n,b)^2",4,1.0,-1.179230268104787e+00,-1.179230268104787e+00,2.22e-16
1.0,"S(n,2b)=S(n,b)^2 T(2n,b)/T(n,b)^2",4,3.0,-3.911127284204650e+00,-3.911127284204651e+00,8.88e-16
1.0,"S(n,2b)=S(n,b)^2 T(2n,b)/T(n,b)^2",4,7.0,-9.281881871584817e+00,-9.281881871584819e+00,1.78e-15
1.0,"S(n,2b)=S(n,b)^2 T(2n,b)/T(n,b)^2",4,12.25,-1.624457464099214e+01,-1.624457464099214e+01,0.00e+00
1.0,"S(n,2b)=S(n,b)^2 T(2n,b)/T(n,b)^2",5,0.5,2.690185062785684e-01,2.690185062785684e-01,0.00e+00
1.0,"S(n,2b)=S(n,b)^2 T(2n,b)/T(n,b)^2",5,1.0,1.548203307679317e+00,1.548203307679318e+00,4.44e-16
1.0,"S(n,2b)=S(n,b)^2 T(2n,b)/T(n,b)^2",5,3.0,6.272719732622089e+00,6.272719732622089e+00,0.00e+00
1.0,"S(n,2b)=S(n,b)^2 T(2n,b)/T(n,b)^2",5,7.0,1.444812532396100e+01,1.444812532396100e+01,0.00e+00
1.0,"S(n,2b)=S(n,b)^2 T(2n,b)/T(n,b)^2",5,12.25,2.528087687906698e+01,2.528087687906697e+01,3.55e-15
1.0,"S(n,2b)=S(n,b)^2 T(2n,b)/T(n,b)^2",6,0.5,-1.263380174112645e-01,-1.263380174112640e-01,4.44e-16
1.0,"S(n,2b)=S(n,b)^2 T(2n,b)/T(n,b)^2",6,1.0,-6.353455185894754e-01,-6.353455185894754e-01,0.00e+00
1.0,"S(n,2b)=S(n,b)^2 T(2n,b)/T(n,b)^2",6,3.0,-2.114682107126712e+00,-2.114682107126713e+00,4.44e-16
1.0,"S(n,2b)=S(n,b)^2 T(2n,b)/T(n,b)^2",6,7.0,-5.110905045832084e+00,-5.110905045832084e+00,0.00e+00
1.0,"S(n,2b)=S(n,b)^2 T(2n,b)/T(n,b)^2",6,12.25,-8.949589477879682e+00,-8.949589477879682e+00,0.00e+00
0.5,"S(n,2b)=S(n,b)^2 T(2n,b)/T(n,b)^2",4,0.5,-2.464138212510836e-02,-2.464138212510747e-02,8.88e-16
0.5,"T(4n,b)=T(2n,b)^2 S(2n,2b)/S(2n,b)^2",4,0.5,-1.025452502880586e+01,-1.025452502880586e+01,0.00e+00
0.5,"S(n,2b)=S(n,b)^2 T(2n,b)/T(n,b)^2",4,1.0,-2.500875101272857e-01,-2.500875101272855e-01,2.22e-16
0.5,"T(4n,b)=T(2n,b)^2 S(2n,2b)/S(2n,b)^2",4,1.0,-8.218570287852279e+00,-8.218570287852279e+00,0.00e+00
0.5,"S(n,2b)=S(n,b)^2 T(2n,b)/T(n,b)^2",4,3.0,-1.977908019879986e+00,-1.977908019879985e+00,2.22e-16
0.5,"T(4n,b)=T(2n,b)^2 S(2n,2b)/S(2n,b)^2",4,3.0,-2.945125377444239e+00,-2.945125377444238e+00,4.44e-16
0.5,"S(n,2b)=S(n,b)^2 T(2n,b)/T(n,b)^2",4,7.0,-4.882705689209624e+00,-4.882705689209624e+00,0.00e+00
0.5,"T(4n,b)=T(2n,b)^2 S(2n,2b)/S(2n,b)^2",4,7.0,-8.736498829056395e-01,-8.736498829056396e-01,1.11e-16
0.5,"S(n,2b)=S(n,b)^2 T(2n,b)/T(n,b)^2",4,12.25,-8.548203244420812e+00,-8.548203244420813e+00,1.78e-15
0.5,"T(4n,b)=T(2n,b)^2 S(2n,2b)/S(2n,b)^2",4,12.25,-2.174664591979676e-01,-2.174664591979676e-01,0.00e+00
0.5,"S(n,2b)=S(n,b)^2 T(2n,b)/T(n,b)^2",6,0.5,-1.558509407974640e-03,-1.558509407974640e-03,0.00e+00
0.5,"S(n,2b)=S(n,b)^2 T(2n,b)/T(n,b)^2",6,1.0,-5.024790449753702e-02,-5.024790449753702e-02,0.00e+00
0.5,"S(n,2b)=S(n,b)^2 T(2n,b)/T(n,b)^2",6,3.0,-1.044000702008309e+00,-1.044000702008310e+00,2.22e-16
0.5,"S(n,2b)=S(n,b)^2 T(2n,b)/T(n,b)^2",6,7.0,-3.034026727971002e+00,-3.034026727971002e+00,0.00e+00
0.5,"S(n,2b)=S(n,b)^2 T(2n,b)/T(n,b)^2",6,12.25,-5.344438154957873e+00,-5.344438154957873e+00,0.00e+00
0.5,"S(n,2b)=S(n,b)^2 T(2n,b)/T(n,b)^2",8,0.5,-9.937023745187901e-05,-9.937023745187901e-05,0.00e+00
0.5,"S(n,2b)=S(n,b)^2 T(2n,b)/T(n,b)^2",8,1.0,-1.023154331898324e-02,-1.023154331898368e-02,4.44e-16
0.5,"S(n,2b)=S(n,b)^2 T(2n,b)/T(n,b)^2",8,3.0,-5.892805792893669e-01,-5.892805792893672e-01,2.22e-16
0.5,"S(n,2b)=S(n,b)^2 T(2n,b)/T(n,b)^2",8,7.0,-2.173557643656960e+00,-2.173557643656960e+00,0.00e+00
0.5,"S(n,2b)=S(n,b)^2 T(2n,b)/T(n,b)^2",8,12.25,-3.913319392516052e+00,-3.913319392516052e+00,0.00e+00
