S,L,k_over_pi,"E_lowest(Sz=1,k)-E0"
1.0,4,0.000000,3.0000000000
1.0,4,0.500000,3.0000000000
1.0,4,1.000000,1.0000000000
1.0,6,0.000000,2.1557050341
1.0,6,0.333333,2.5325385912
1.0,6,0.666667,2.4956396449
1.0,6,1.000000,0.7206273626
1.0,8,0.000000,1.7403961314
1.0,8,0.250000,2.1185020018
1.0,8,0.500000,2.7819643395
1.0,8,0.750000,1.9933599384
1.0,8,1.000000,0.5935552544
1.0,10,0.000000,1.4970790368
1.0,10,0.200000,1.8279889161
1.0,10,0.400000,2.6626448421
1.0,10,0.600000,2.5876523277
1.0,10,0.800000,1.6356539649
1.0,10,1.000000,0.5248079504
1.0,12,0.000000,1.3401278367
1.0,12,0.166667,1.6237205391
1.0,12,0.333333,2.4612853124
1.0,12,0.500000,2.7352185833
1.0,12,0.666667,2.3198174854
1.0,12,0.833333,1.3838009378
1.0,12,1.000000,0.4841964699
1.0,14,0.000000,1.2324141906
1.0,14,0.142857,1.4759835514
1.0,14,0.285714,2.2644778378
1.0,14,0.428571,2.6960806164
1.0,14,0.571429,2.6247633377
1.0,14,0.714286,2.0722446971
1.0,14,0.857143,1.2019018932
1.0,14,1.000000,0.4589653469
1.0,16,0.000000,1.1551685848
1.0,16,0.125000,1.3659852214
1.0,16,0.250000,2.0922184289
1.0,16,0.375000,2.5865201565
1.0,16,0.500000,2.7215685399
1.0,16,0.625000,2.4570219717
1.0,16,0.750000,1.8622716491
1.0,16,0.875000,1.0667078555
1.0,16,1.000000,0.4427955614
0.5,4,0.000000,3.0000000000
0.5,4,0.500000,2.0000000000
0.5,4,1.000000,1.0000000000
0.5,6,0.000000,0.6847416490
0.5,6,0.333333,1.8027756377
0.5,6,0.666667,1.5219992313
0.5,6,1.000000,2.3027756377
0.5,8,0.000000,1.8491556731
0.5,8,0.250000,1.1923549000
0.5,8,0.500000,1.7964557292
0.5,8,0.750000,1.5059450350
0.5,8,1.000000,0.5226743451
0.5,10,0.000000,0.4232390078
0.5,10,0.200000,1.2692814378
0.5,10,0.400000,1.7349562541
0.5,10,0.600000,1.6242102541
0.5,10,0.800000,0.9721669802
0.5,10,1.000000,1.5395144854
0.5,12,0.000000,1.3168615915
0.5,12,0.166667,0.8180165066
0.5,12,0.333333,1.4430566737
0.5,12,0.500000,1.7265966357
0.5,12,0.666667,1.5959441652
0.5,12,0.833333,1.0897023709
0.5,12,1.000000,0.3558475137
0.5,14,0.000000,0.3071057096
0.5,14,0.142857,0.9518284584
0.5,14,0.285714,1.4509788923
0.5,14,0.428571,1.6965698999
0.5,14,0.571429,1.6376970618
0.5,14,0.714286,1.2844770992
0.5,14,0.857143,0.7049867004
0.5,14,1.000000,1.1497541015
0.5,16,0.000000,1.0199810929
0.5,16,0.125000,0.6188893032
0.5,16,0.250000,1.1513094977
0.5,16,0.375000,1.5271207627
0.5,16,0.500000,1.6903306929
0.5,16,0.625000,1.6169432738
0.5,16,0.750000,1.3190652173
0.5,16,0.875000,0.8436436352
0.5,16,1.000000,0.2701896823
0.5,18,0.000000,0.2412494499
0.5,18,0.111111,0.7568922046
0.5,18,0.222222,1.2037738384
0.5,18,0.333333,1.5222037141
0.5,18,0.444444,1.6725638782
0.5,18,0.555556,1.6360761838
0.5,18,0.666667,1.4166401120
0.5,18,0.777778,1.0401859831
0.5,18,0.888889,0.5512625855
0.5,18,1.000000,0.9164050611
0.5,20,0.000000,0.8318760245
0.5,20,0.100000,0.4968050461
0.5,20,0.200000,0.9470030859
0.5,20,0.300000,1.3138910541
0.5,20,0.400000,1.5621908377
0.5,20,0.500000,1.6679658601
0.5,20,0.600000,1.6211722526
0.5,20,0.700000,1.4267287097
0.5,20,0.800000,1.1041463227
0.5,20,0.900000,0.6859629437
0.5,20,1.000000,0.2179455437
0.5,22,0.000000,0.1987734112
0.5,22,0.090909,0.6269818898
0.5,22,0.181818,1.0163845392
0.5,22,0.272727,1.3363085204
0.5,22,0.363636,1.5550527792
0.5,22,0.454545,1.6562327070
0.5,22,0.545455,1.6314036027
0.5,22,0.636364,1.4823709621
0.5,22,0.727273,1.2209987686
0.5,22,0.818182,0.8681932249
0.5,22,0.909091,0.4520458934
0.5,22,1.000000,0.7616101919
0.5,24,0.000000,0.7022928941
0.5,24,0.083333,0.4146254634
0.5,24,0.166667,0.8009054958
0.5,24,0.250000,1.1379467336
0.5,24,0.333333,1.4031712999
0.5,24,0.416667,1.5787089316
0.5,24,0.500000,1.6527479551
0.5,24,0.583333,1.6203803901
0.5,24,0.666667,1.4839611119
0.5,24,0.750000,1.2529785917
0.5,24,0.833333,0.9364442168
0.5,24,0.916667,0.5772148656
0.5,24,1.000000,0.1827210358
