S,L,m,k_over_pi,Sz0_level1,Sz0_level2,Sz1_level1
0.5,4,0,0.000000,-2.000000000000,1.000000000000,1.000000000000
0.5,4,1,0.500000,0.000000000000,nan,-0.000000000000
0.5,4,2,1.000000,-1.000000000000,0.000000000000,-1.000000000000
0.5,6,0,0.000000,-2.118033988750,-1.500000000000,-2.118033988750
0.5,6,1,0.333333,-1.000000000000,-0.500000000000,-1.000000000000
0.5,6,2,0.666667,-1.280776406404,0.000000000000,-1.280776406404
0.5,6,3,1.000000,-2.802775637732,-0.500000000000,-0.500000000000
0.5,8,0,0.000000,-3.651093408937,-1.801937735805,-1.801937735805
0.5,8,1,0.250000,-2.458738508895,-1.144122805635,-2.458738508895
0.5,8,2,0.500000,-1.854637679718,-1.618033988750,-1.854637679718
0.5,8,3,0.750000,-2.145148373921,-1.707106781187,-2.145148373921
0.5,8,4,1.000000,-3.128419063845,-2.699628148275,-3.128419063845
0.5,10,0,0.000000,-4.092207346739,-3.770597435408,-4.092207346739
0.5,10,1,0.200000,-3.246164916733,-2.886286924510,-3.246164916733
0.5,10,2,0.400000,-2.780490100408,-2.514299479211,-2.780490100408
0.5,10,3,0.600000,-2.891236100351,-2.767634884836,-2.891236100351
0.5,10,4,0.800000,-3.543279374313,-2.320334627141,-3.543279374313
0.5,10,5,1.000000,-4.515446354492,-2.975931869054,-2.975931869054
0.5,12,0,0.000000,-5.387390917445,-4.070529325964,-4.070529325964
0.5,12,1,0.166667,-4.569374410805,-3.457726819035,-4.569374410805
0.5,12,2,0.333333,-3.944334243744,-3.874179327624,-3.944334243744
0.5,12,3,0.500000,-3.660794281753,-3.494913426040,-3.660794281753
0.5,12,4,0.666667,-3.791446752236,-3.637406425177,-3.791446752236
0.5,12,5,0.833333,-4.297688546560,-4.000600429597,-4.297688546560
0.5,12,6,1.000000,-5.031543403742,-4.777389333701,-5.031543403742
0.5,14,0,0.000000,-5.956443823979,-5.748062672690,-5.956443823979
0.5,14,1,0.142857,-5.311721075174,-5.062405493561,-5.311721075174
0.5,14,2,0.285714,-4.812570641289,-4.729932330572,-4.812570641289
0.5,14,3,0.428571,-4.566979633691,-4.391330677237,-4.566979633691
0.5,14,4,0.571429,-4.625852471755,-4.518090296976,-4.625852471755
0.5,14,5,0.714286,-4.979072434368,-4.936721105457,-4.979072434368
0.5,14,6,0.857143,-5.558562833118,-4.551036961466,-5.558562833118
0.5,14,7,1.000000,-6.263549533547,-5.113795431998,-5.113795431998
0.5,16,0,0.000000,-7.142296360617,-6.122315267678,-6.122315267678
0.5,16,1,0.125000,-6.523407057381,-5.607149854392,-6.523407057381
0.5,16,2,0.250000,-5.990986862925,-5.964249514650,-5.990986862925
0.5,16,3,0.375000,-5.615175597943,-5.542397280371,-5.615175597943
0.5,16,4,0.500000,-5.451965667672,-5.327618052467,-5.451965667672
0.5,16,5,0.625000,-5.525353086774,-5.353945804075,-5.525353086774
0.5,16,6,0.750000,-5.823231143333,-5.779925338591,-5.823231143333
0.5,16,7,0.875000,-6.298652725459,-6.085829737528,-6.298652725459
0.5,16,8,1.000000,-6.872106678366,-6.696547426594,-6.872106678366
0.5,18,0,0.000000,-7.781499637143,-7.630482056810,-7.781499637143
0.5,18,1,0.111111,-7.265856882394,-7.081385929080,-7.265856882394
0.5,18,2,0.222222,-6.818975248608,-6.798475186527,-6.818975248608
0.5,18,3,0.333333,-6.500545372974,-6.373958867531,-6.500545372974
0.5,18,4,0.444444,-6.350185208816,-6.221139175160,-6.350185208816
0.5,18,5,0.555556,-6.386672903284,-6.296638094803,-6.386672903284
0.5,18,6,0.666667,-6.606108975000,-6.555305943555,-6.606108975000
0.5,18,7,0.777778,-6.982563103885,-6.965139172345,-6.982563103885
0.5,18,8,0.888889,-7.471486501499,-6.633797815775,-7.471486501499
0.5,18,9,1.000000,-8.022749087034,-7.106344025961,-7.106344025961
0.5,20,0,0.000000,-8.904386529876,-8.072510505380,-8.072510505380
0.5,20,1,0.100000,-8.407581483779,-7.637377050792,-8.407581483779
0.5,20,2,0.200000,-7.957383443978,-7.945786939479,-7.957383443978
0.5,20,3,0.300000,-7.590495475813,-7.554045573134,-7.590495475813
0.5,20,4,0.400000,-7.342195692196,-7.275556002847,-7.342195692196
0.5,20,5,0.500000,-7.236420669765,-7.138106081878,-7.236420669765
0.5,20,6,0.600000,-7.283214277297,-7.155676525165,-7.283214277297
0.5,20,7,0.700000,-7.477657820126,-7.391783567963,-7.477657820126
0.5,20,8,0.800000,-7.800240207160,-7.793468736618,-7.800240207160
0.5,20,9,0.900000,-8.218423586210,-8.056403130902,-8.218423586210
0.5,20,10,1.000000,-8.686440986187,-8.554384572111,-8.686440986187
0.5,22,0,0.000000,-9.588107240606,-9.471090152201,-9.588107240606
0.5,22,1,0.090909,-9.159898762004,-9.015979951030,-9.159898762003
0.5,22,2,0.181818,-8.770496112543,-8.768785425130,-8.770496112543
0.5,22,3,0.272727,-8.450572131343,-8.391860801209,-8.450572131343
0.5,22,4,0.363636,-8.231827872562,-8.108850917612,-8.231827872562
0.5,22,5,0.454545,-8.130647944722,-8.029593684284,-8.130647944722
0.5,22,6,0.545455,-8.155477049060,-8.079515621677,-8.155477049060
0.5,22,7,0.636364,-8.304509689646,-8.254192869017,-8.304509689646
0.5,22,8,0.727273,-8.565881883188,-8.539131196556,-8.565881883188
0.5,22,9,0.818182,-8.918687426909,-8.910879766874,-8.918687426909
0.5,22,10,0.909091,-9.334834758319,-8.622813507708,-9.334834758319
0.5,22,11,1.000000,-9.786880651766,-9.025270459859,-9.025270459859
0.5,24,0,0.000000,-10.670014516537,-9.967721622473,-9.967721622473
0.5,24,1,0.083333,-10.255389053149,-9.593837092667,-10.255389053149
0.5,24,2,0.166667,-9.869109020774,-9.863842508415,-9.869109020774
0.5,24,3,0.250000,-9.532067782926,-9.512066307404,-9.532067782926
0.5,24,4,0.333333,-9.266843216674,-9.228176589011,-9.266843216674
0.5,24,5,0.416667,-9.091305584947,-9.031786558248,-9.091305584947
0.5,24,6,0.500000,-9.017266561425,-8.936517646101,-9.017266561425
0.5,24,7,0.583333,-9.049634126413,-8.949108052525,-9.049634126413
0.5,24,8,0.666667,-9.186053404597,-9.080305142854,-9.186053404597
0.5,24,9,0.750000,-9.417035924811,-9.376948565954,-9.417035924811
0.5,24,10,0.833333,-9.733570299753,-9.726536827476,-9.733570299752
0.5,24,11,0.916667,-10.092799650921,-9.963716308263,-10.092799650921
0.5,24,12,1.000000,-10.487293480731,-10.382464233656,-10.487293480731
