S,L,E0,E0_per_site,e0_infinite_literature,E0/L-e0,gap_first_excitation,gap_times_L,GS_k_over_pi,lowest_Sz1_k_over_pi,lowest_Sz1_minus_E0,abs_diff_vs_full_spectrum
1.0,4,-6.0000000000,-1.5000000000,-1.4014840390,-9.852e-02,1.0000000000,4.000000,0.000,1.000,1.0000000000,1.8e-15
1.0,6,-8.6174231818,-1.4362371970,-1.4014840390,-3.475e-02,0.7206273626,4.323764,0.000,1.000,0.7206273626,3.3e-13
1.0,8,-11.3369560779,-1.4171195097,-1.4014840390,-1.564e-02,0.5935552544,4.748442,0.000,1.000,0.5935552544,6.3e-13
1.0,10,-14.0941299549,-1.4094129955,-1.4014840390,-7.929e-03,0.5248079504,5.248080,0.000,1.000,0.5248079504,4.5e-13
1.0,12,-16.8695561395,-1.4057963450,-1.4014840390,-4.312e-03,0.4841964699,5.810358,0.000,1.000,0.4841964699,4.1e-13
1.0,14,-19.6551334999,-1.4039381071,-1.4014840390,-2.454e-03,0.4589653469,6.425515,0.000,1.000,0.4589653469,
1.0,16,-22.4468072812,-1.4029254551,-1.4014840390,-1.441e-03,0.4427955614,7.084729,0.000,1.000,0.4427955614,
0.5,4,-2.0000000000,-0.5000000000,-0.4431471806,-5.685e-02,1.0000000000,4.000000,0.000,1.000,1.0000000000,0.0e+00
0.5,6,-2.8027756377,-0.4671292730,-0.4431471806,-2.398e-02,0.6847416490,4.108450,1.000,0.000,0.6847416490,1.0e-13
0.5,8,-3.6510934089,-0.4563866761,-0.4431471806,-1.324e-02,0.5226743451,4.181395,0.000,1.000,0.5226743451,7.7e-13
0.5,10,-4.5154463545,-0.4515446354,-0.4431471806,-8.397e-03,0.4232390078,4.232390,1.000,0.000,0.4232390078,4.2e-13
0.5,12,-5.3873909174,-0.4489492431,-0.4431471806,-5.802e-03,0.3558475137,4.270170,0.000,1.000,0.3558475137,4.4e-13
0.5,14,-6.2635495335,-0.4473963953,-0.4431471806,-4.249e-03,0.3071057096,4.299480,1.000,0.000,0.3071057096,4.4e-13
0.5,16,-7.1422963606,-0.4463935225,-0.4431471806,-3.246e-03,0.2701896823,4.323035,0.000,1.000,0.2701896823,9.2e-13
0.5,18,-8.0227490870,-0.4457082826,-0.4431471806,-2.561e-03,0.2412494499,4.342490,1.000,0.000,0.2412494499,6.2e-13
0.5,20,-8.9043865299,-0.4452193265,-0.4431471806,-2.072e-03,0.2179455437,4.358911,0.000,1.000,0.2179455437,
0.5,22,-9.7868806518,-0.4448582114,-0.4431471806,-1.711e-03,0.1987734112,4.373015,1.000,0.000,0.1987734112,
0.5,24,-10.6700145165,-0.4445839382,-0.4431471806,-1.437e-03,0.1827210358,4.385305,0.000,1.000,0.1827210358,
