n,b,g,Z_ED,paper_center,ED-center,within paper error?
4,12.25,1,124.885379827,124.885379,8.27e-07,OK
4,12.25,P,0.065757035,0.065757,3.55e-08,OK
5,12.25,1,0.002925183,0.002925,1.83e-07,OK
5,12.25,P,2.960742996,2.960742,9.96e-07,OK
6,10.5,1,8.945302840,8.945303,-1.60e-07,OK
6,10.5,C,0.939987421,0.939987,4.21e-07,OK
6,10.5,P,0.346734117,0.346734,1.17e-07,OK
6,12.25,1,12.870614051,12.870614,5.06e-08,OK
6,12.25,P,0.286599649,0.286599,6.49e-07,OK
7,12.25,1,0.054069523,0.054069,5.23e-07,OK
7,12.25,P,1.920414795,1.920414,7.95e-07,OK
8,10.5,1,3.741281428,3.741281,4.28e-07,OK
8,10.5,C,0.984107875,0.984108,-1.25e-07,OK
8,10.5,P,0.567166835,0.567167,-1.65e-07,OK
8,12.25,1,4.639283447,4.639283,4.47e-07,OK
8,12.25,P,0.510140736,0.510140,7.36e-07,OK
9,12.25,1,0.195455067,0.195455,6.71e-08,OK
9,12.25,P,1.514846988,1.514846,9.88e-07,OK
10,10.5,1,2.327547046,2.327547,4.61e-08,OK
10,10.5,C,1.002612685,1.002613,-3.15e-07,OK
10,10.5,P,0.721090344,0.721090,3.44e-07,OK
10,12.25,1,2.654823080,2.654823,8.00e-08,OK
10,12.25,P,0.675419706,0.675419,7.06e-07,OK
11,12.25,1,0.377629345,0.377629,3.45e-07,OK
11,12.25,P,1.314544185,1.314544,1.85e-07,OK
12,12.25,1,1.900547564,1.900547,5.64e-07,OK
12,12.25,P,0.787405362,0.787405,3.62e-07,OK
