c (spatial ray beta=c n),n,beta,"S(n,beta)",c'=1/(v^2 c),L,beta'=c'L,"T(L,beta')"
0.4000,6,2.4000,0.902034,1.0132,16,16.2114,0.927543
0.4000,6,2.4000,0.902034,1.0132,18,18.2378,0.928752
0.4000,8,3.2000,0.909746,1.0132,16,16.2114,0.927543
0.4000,8,3.2000,0.909746,1.0132,18,18.2378,0.928752
0.6366,6,3.8197,0.655938,0.6366,16,10.1859,0.686425
0.6366,6,3.8197,0.655938,0.6366,18,11.4592,0.688634
0.6366,8,5.0930,0.667947,0.6366,16,10.1859,0.686425
0.6366,8,5.0930,0.667947,0.6366,18,11.4592,0.688634
1.0000,6,6.0000,0.352043,0.4053,16,6.4846,0.366849
1.0000,6,6.0000,0.352043,0.4053,18,7.2951,0.369180
1.0000,8,8.0000,0.362244,0.4053,16,6.4846,0.366849
1.0000,8,8.0000,0.362244,0.4053,18,7.2951,0.369180
