S,n,2n,beta,n_parity,"S(n,beta)",1-S
1.0,4,8,0.25,even,0.995444870636,4.555129e-03
1.0,4,8,0.5,even,0.942453664780,5.754634e-02
1.0,4,8,1.0,even,0.658504728276,3.414953e-01
1.0,4,8,2.0,even,0.307515351900,6.924846e-01
1.0,4,8,4.0,even,0.081549321518,9.184507e-01
1.0,4,8,8.0,even,0.005088895834,9.949111e-01
1.0,4,8,10.5,even,0.000952663291,9.990473e-01
1.0,4,8,12.25,even,0.000297459408,9.997025e-01
1.0,4,8,16.0,even,0.000024705660,9.999753e-01
1.0,4,8,24.5,even,0.000000088119,9.999999e-01
1.0,5,10,0.25,ODD(not a purity),1.000759348402,-7.593484e-04
1.0,5,10,0.5,ODD(not a purity),1.019339385296,-1.933939e-02
1.0,5,10,1.0,ODD(not a purity),1.308679359607,-3.086794e-01
1.0,5,10,2.0,ODD(not a purity),4.703012720298,-3.703013e+00
1.0,5,10,4.0,ODD(not a purity),65.316457211862,-6.431646e+01
1.0,5,10,8.0,ODD(not a purity),3997.348429569696,-3.996348e+03
1.0,5,10,10.5,ODD(not a purity),51339.772159537068,-5.133877e+04
1.0,5,10,12.25,ODD(not a purity),310262.721008116612,-3.102617e+05
1.0,5,10,16.0,ODD(not a purity),14807277.582912608981,-1.480728e+07
1.0,5,10,24.5,ODD(not a purity),95355407458.896255493164,-9.535541e+10
1.0,6,12,0.25,even,0.999873949139,1.260509e-04
1.0,6,12,0.5,even,0.994003816916,5.996183e-03
1.0,6,12,1.0,even,0.881316895974,1.186831e-01
1.0,6,12,2.0,even,0.529752417384,4.702476e-01
1.0,6,12,4.0,even,0.253300160565,7.466998e-01
1.0,6,12,8.0,even,0.056114805496,9.438852e-01
1.0,6,12,10.5,even,0.021922774182,9.780772e-01
1.0,6,12,12.25,even,0.011473084924,9.885269e-01
1.0,6,12,16.0,even,0.002898947675,9.971011e-01
1.0,6,12,24.5,even,0.000129790431,9.998702e-01
0.5,4,8,0.25,even,0.999902101644,9.789836e-05
0.5,4,8,0.5,even,0.998384220306,1.615780e-03
0.5,4,8,1.0,even,0.975659738320,2.434026e-02
0.5,4,8,2.0,even,0.778732633098,2.212674e-01
0.5,4,8,4.0,even,0.325494411026,6.745056e-01
0.5,4,8,8.0,even,0.064086029843,9.359140e-01
0.5,4,8,10.5,even,0.025957734732,9.740423e-01
0.5,4,8,12.25,even,0.013993470661,9.860065e-01
0.5,4,8,16.0,even,0.003765758699,9.962342e-01
0.5,4,8,24.5,even,0.000193893165,9.998061e-01
0.5,6,12,0.25,even,0.999999604965,3.950348e-07
0.5,6,12,0.5,even,0.999973568372,2.643163e-05
0.5,6,12,1.0,even,0.998442704437,1.557296e-03
0.5,6,12,2.0,even,0.950993639675,4.900636e-02
0.5,6,12,4.0,even,0.624504916038,3.754951e-01
0.5,6,12,8.0,even,0.202899192138,7.971008e-01
0.5,6,12,10.5,even,0.108231710884,8.917683e-01
0.5,6,12,12.25,even,0.071692804585,9.283072e-01
0.5,6,12,16.0,even,0.030790508102,9.692095e-01
0.5,6,12,24.5,even,0.004774633056,9.952254e-01
0.5,8,16,0.25,even,0.999999998405,1.595110e-09
0.5,8,16,0.5,even,0.999999566750,4.332500e-07
0.5,8,16,1.0,even,0.999900634700,9.936530e-05
0.5,8,16,2.0,even,0.989820620862,1.017938e-02
0.5,8,16,4.0,even,0.814208915378,1.857911e-01
0.5,8,16,8.0,even,0.362243813432,6.377562e-01
0.5,8,16,10.5,even,0.217543198328,7.824568e-01
0.5,8,16,12.25,even,0.156006398960,8.439936e-01
0.5,8,16,16.0,even,0.080493855594,9.195061e-01
0.5,8,16,24.5,even,0.019974089057,9.800259e-01
