S,n,beta,"S(n,beta)",1-S
1.0,4,0.05,0.999992496555,7.503445e-06
1.0,4,0.1,0.999879327523,1.206725e-04
1.0,4,0.15,0.999390880388,6.091196e-04
1.0,4,0.2,0.998096522997,1.903477e-03
1.0,4,0.25,0.995444870636,4.555129e-03
1.0,4,0.3,0.990824214272,9.175786e-03
1.0,4,0.35,0.983636677760,1.636332e-02
1.0,4,0.4,0.973375778617,2.662422e-02
1.0,4,0.45,0.959694759300,4.030524e-02
1.0,4,0.5,0.942453664780,5.754634e-02
1.0,4,0.55,0.921737067564,7.826293e-02
1.0,4,0.6,0.897840624738,1.021594e-01
1.0,4,0.65,0.871231286282,1.287687e-01
1.0,4,0.7,0.842490828173,1.575092e-01
1.0,4,0.75,0.812254172818,1.877458e-01
1.0,4,0.8,0.781152689083,2.188473e-01
1.0,4,0.85,0.749769378089,2.502306e-01
1.0,4,0.9,0.718608966194,2.813910e-01
1.0,4,0.95,0.688082606123,3.119174e-01
1.0,4,1.0,0.658504728276,3.414953e-01
1.0,4,1.05,0.630098642746,3.699014e-01
1.0,4,1.1,0.603007490070,3.969925e-01
1.0,4,1.15,0.577307689325,4.226923e-01
1.0,4,1.2,0.553022796554,4.469772e-01
1.0,4,1.25,0.530136435707,4.698636e-01
1.0,4,1.3,0.508603580178,4.913964e-01
1.0,4,1.35,0.488359909554,5.116401e-01
1.0,4,1.4,0.469329254992,5.306707e-01
1.0,4,1.45,0.451429310128,5.485707e-01
1.0,4,1.5,0.434575859111,5.654241e-01
1.0,4,1.55,0.418685790953,5.813142e-01
1.0,4,1.6,0.403679154127,5.963208e-01
1.0,4,1.65,0.389480474011,6.105195e-01
1.0,4,1.7,0.376019518913,6.239805e-01
1.0,4,1.75,0.363231664189,6.367683e-01
1.0,4,1.8,0.351057971471,6.489420e-01
1.0,4,1.85,0.339445072471,6.605549e-01
1.0,4,1.9,0.328344924414,6.716551e-01
1.0,4,1.95,0.317714486351,6.822855e-01
1.0,4,2.0,0.307515351900,6.924846e-01
1.0,4,2.25,0.261921102276,7.380789e-01
1.0,4,2.5,0.223363322435,7.766367e-01
1.0,4,2.75,0.190185114298,8.098149e-01
1.0,4,3.0,0.161472078654,8.385279e-01
1.0,4,3.25,0.136656138295,8.633439e-01
1.0,4,3.5,0.115311221070,8.846888e-01
1.0,4,3.75,0.097061488735,9.029385e-01
1.0,4,4.0,0.081549321518,9.184507e-01
1.0,4,4.25,0.068430937605,9.315691e-01
1.0,4,4.5,0.057381874637,9.426181e-01
1.0,4,4.75,0.048103707444,9.518963e-01
1.0,4,5.0,0.040328649176,9.596714e-01
1.0,4,5.25,0.033821360200,9.661786e-01
1.0,4,5.5,0.028378416362,9.716216e-01
1.0,4,5.75,0.023826199826,9.761738e-01
1.0,4,6.0,0.020017922450,9.799821e-01
1.0,4,6.25,0.016830316897,9.831697e-01
1.0,4,6.5,0.014160348207,9.858397e-01
1.0,4,6.75,0.011922150730,9.880778e-01
1.0,4,7.0,0.010044290368,9.899557e-01
1.0,4,7.25,0.008467384287,9.915326e-01
1.0,4,7.5,0.007142070265,9.928579e-01
1.0,4,7.75,0.006027296766,9.939727e-01
1.0,4,8.0,0.005088895834,9.949111e-01
1.0,4,8.25,0.004298399016,9.957016e-01
1.0,4,8.5,0.003632058502,9.963679e-01
1.0,4,8.75,0.003070039563,9.969300e-01
1.0,4,9.0,0.002595754831,9.974042e-01
1.0,4,9.25,0.002195315462,9.978047e-01
1.0,4,9.5,0.001857078329,9.981429e-01
1.0,4,9.75,0.001571271999,9.984287e-01
1.0,4,10.0,0.001329687335,9.986703e-01
1.0,4,10.25,0.001125421127,9.988746e-01
1.0,4,10.5,0.000952663291,9.990473e-01
1.0,4,10.75,0.000806519934,9.991935e-01
1.0,4,11.0,0.000682865961,9.993171e-01
1.0,4,11.25,0.000578222112,9.994218e-01
1.0,4,11.5,0.000489652198,9.995103e-01
1.0,4,11.75,0.000414677101,9.995853e-01
1.0,4,12.0,0.000351202702,9.996488e-01
1.0,4,12.25,0.000297459408,9.997025e-01
1.0,4,12.5,0.000251951350,9.997480e-01
1.0,4,12.75,0.000213413666,9.997866e-01
1.0,4,13.0,0.000180776551,9.998192e-01
1.0,4,13.25,0.000153134966,9.998469e-01
1.0,4,13.5,0.000129723114,9.998703e-01
1.0,4,13.75,0.000109892900,9.998901e-01
1.0,4,14.0,0.000093095764,9.999069e-01
1.0,4,14.25,0.000078867329,9.999211e-01
1.0,4,14.5,0.000066814440,9.999332e-01
1.0,4,14.75,0.000056604205,9.999434e-01
1.0,4,15.0,0.000047954738,9.999520e-01
1.0,4,15.25,0.000040627323,9.999594e-01
1.0,4,15.5,0.000034419790,9.999656e-01
1.0,4,15.75,0.000029160912,9.999708e-01
1.0,4,16.0,0.000024705660,9.999753e-01
1.0,4,16.25,0.000020931192,9.999791e-01
1.0,4,16.5,0.000017733453,9.999823e-01
1.0,4,16.75,0.000015024300,9.999850e-01
1.0,4,17.0,0.000012729066,9.999873e-01
1.0,4,17.25,0.000010784501,9.999892e-01
1.0,4,17.5,0.000009137020,9.999909e-01
1.0,4,17.75,0.000007741230,9.999923e-01
1.0,4,18.0,0.000006558675,9.999934e-01
1.0,4,18.25,0.000005556776,9.999944e-01
1.0,4,18.5,0.000004707933,9.999953e-01
1.0,4,18.75,0.000003988762,9.999960e-01
1.0,4,19.0,0.000003379453,9.999966e-01
1.0,4,19.25,0.000002863223,9.999971e-01
1.0,4,19.5,0.000002425851,9.999976e-01
1.0,4,19.75,0.000002055291,9.999979e-01
1.0,4,20.0,0.000001741337,9.999983e-01
1.0,4,20.25,0.000001475341,9.999985e-01
1.0,4,20.5,0.000001249978,9.999988e-01
1.0,4,20.75,0.000001059040,9.999989e-01
1.0,4,21.0,0.000000897268,9.999991e-01
1.0,4,21.25,0.000000760208,9.999992e-01
1.0,4,21.5,0.000000644085,9.999994e-01
1.0,4,21.75,0.000000545699,9.999995e-01
1.0,4,22.0,0.000000462342,9.999995e-01
1.0,4,22.25,0.000000391719,9.999996e-01
1.0,4,22.5,0.000000331883,9.999997e-01
1.0,4,22.75,0.000000281187,9.999997e-01
1.0,4,23.0,0.000000238235,9.999998e-01
1.0,4,23.25,0.000000201845,9.999998e-01
1.0,4,23.5,0.000000171012,9.999998e-01
1.0,4,23.75,0.000000144890,9.999999e-01
1.0,4,24.0,0.000000122758,9.999999e-01
1.0,4,24.25,0.000000104006,9.999999e-01
1.0,4,24.5,0.000000088119,9.999999e-01
1.0,4,24.75,0.000000074659,9.999999e-01
1.0,4,25.0,0.000000063255,9.999999e-01
1.0,4,25.25,0.000000053592,9.999999e-01
1.0,4,25.5,0.000000045406,1.000000e+00
1.0,4,25.75,0.000000038470,1.000000e+00
1.0,4,26.0,0.000000032594,1.000000e+00
1.0,4,26.25,0.000000027615,1.000000e+00
1.0,4,26.5,0.000000023397,1.000000e+00
1.0,4,26.75,0.000000019823,1.000000e+00
1.0,4,27.0,0.000000016795,1.000000e+00
1.0,4,27.25,0.000000014230,1.000000e+00
1.0,4,27.5,0.000000012056,1.000000e+00
1.0,4,27.75,0.000000010214,1.000000e+00
1.0,4,28.0,0.000000008654,1.000000e+00
1.0,4,28.25,0.000000007332,1.000000e+00
1.0,4,28.5,0.000000006212,1.000000e+00
1.0,4,28.75,0.000000005263,1.000000e+00
1.0,4,29.0,0.000000004459,1.000000e+00
1.0,4,29.25,0.000000003778,1.000000e+00
1.0,4,29.5,0.000000003201,1.000000e+00
1.0,4,29.75,0.000000002712,1.000000e+00
1.0,4,30.0,0.000000002298,1.000000e+00
1.0,4,30.25,0.000000001947,1.000000e+00
1.0,4,30.5,0.000000001649,1.000000e+00
1.0,4,30.75,0.000000001397,1.000000e+00
1.0,4,31.0,0.000000001184,1.000000e+00
1.0,4,31.25,0.000000001003,1.000000e+00
1.0,4,31.5,0.000000000850,1.000000e+00
1.0,4,31.75,0.000000000720,1.000000e+00
1.0,4,32.0,0.000000000610,1.000000e+00
1.0,4,32.25,0.000000000517,1.000000e+00
1.0,4,32.5,0.000000000438,1.000000e+00
1.0,4,32.75,0.000000000371,1.000000e+00
1.0,4,33.0,0.000000000314,1.000000e+00
1.0,4,33.25,0.000000000266,1.000000e+00
1.0,4,33.5,0.000000000226,1.000000e+00
1.0,4,33.75,0.000000000191,1.000000e+00
1.0,4,34.0,0.000000000162,1.000000e+00
1.0,4,34.25,0.000000000137,1.000000e+00
1.0,4,34.5,0.000000000116,1.000000e+00
1.0,4,34.75,0.000000000099,1.000000e+00
1.0,4,35.0,0.000000000083,1.000000e+00
1.0,4,35.25,0.000000000071,1.000000e+00
1.0,4,35.5,0.000000000060,1.000000e+00
1.0,4,35.75,0.000000000051,1.000000e+00
1.0,4,36.0,0.000000000043,1.000000e+00
1.0,4,36.25,0.000000000036,1.000000e+00
1.0,4,36.5,0.000000000031,1.000000e+00
1.0,4,36.75,0.000000000026,1.000000e+00
1.0,4,37.0,0.000000000022,1.000000e+00
1.0,4,37.25,0.000000000019,1.000000e+00
1.0,4,37.5,0.000000000016,1.000000e+00
1.0,4,37.75,0.000000000013,1.000000e+00
1.0,4,38.0,0.000000000011,1.000000e+00
1.0,4,38.25,0.000000000010,1.000000e+00
1.0,4,38.5,0.000000000008,1.000000e+00
1.0,4,38.75,0.000000000007,1.000000e+00
1.0,4,39.0,0.000000000006,1.000000e+00
1.0,4,39.25,0.000000000005,1.000000e+00
1.0,4,39.5,0.000000000004,1.000000e+00
1.0,4,39.75,0.000000000004,1.000000e+00
1.0,4,40.0,0.000000000003,1.000000e+00
1.0,6,0.05,0.999999991609,8.390751e-09
1.0,6,0.1,0.999999458841,5.411590e-07
1.0,6,0.15,0.999993860609,6.139391e-06
1.0,6,0.2,0.999966043102,3.395690e-05
1.0,6,0.25,0.999873949139,1.260509e-04
1.0,6,0.3,0.999637839624,3.621604e-04
1.0,6,0.35,0.999130792078,8.692079e-04
1.0,6,0.4,0.998175735718,1.824264e-03
1.0,6,0.45,0.996550910929,3.449089e-03
1.0,6,0.5,0.994003816916,5.996183e-03
1.0,6,0.55,0.990271913423,9.728087e-03
1.0,6,0.6,0.985106979278,1.489302e-02
1.0,6,0.65,0.978299366650,2.170063e-02
1.0,6,0.7,0.969698514856,3.030149e-02
1.0,6,0.75,0.959226914488,4.077309e-02
1.0,6,0.8,0.946886005429,5.311399e-02
1.0,6,0.85,0.932753928712,6.724607e-02
1.0,6,0.9,0.916976311392,8.302369e-02
1.0,6,0.95,0.899752112076,1.002479e-01
1.0,6,1.0,0.881316895974,1.186831e-01
1.0,6,1.05,0.861925783537,1.380742e-01
1.0,6,1.1,0.841837862388,1.581621e-01
1.0,6,1.15,0.821303240442,1.786968e-01
1.0,6,1.2,0.800553303088,1.994467e-01
1.0,6,1.25,0.779794224797,2.202058e-01
1.0,6,1.3,0.759203425148,2.407966e-01
1.0,6,1.35,0.738928454691,2.610715e-01
1.0,6,1.4,0.719087721906,2.809123e-01
1.0,6,1.45,0.699772491284,3.002275e-01
1.0,6,1.5,0.681049656663,3.189503e-01
1.0,6,1.55,0.662964892767,3.370351e-01
1.0,6,1.6,0.645545889846,3.544541e-01
1.0,6,1.65,0.628805468430,3.711945e-01
1.0,6,1.7,0.612744447405,3.872556e-01
1.0,6,1.75,0.597354197319,4.026458e-01
1.0,6,1.8,0.582618853253,4.173811e-01
1.0,6,1.85,0.568517190322,4.314828e-01
1.0,6,1.9,0.555024182760,4.449758e-01
1.0,6,1.95,0.542112277500,4.578877e-01
1.0,6,2.0,0.529752417384,4.702476e-01
1.0,6,2.25,0.475199289084,5.248007e-01
1.0,6,2.5,0.430219595732,5.697804e-01
1.0,6,2.75,0.392027408492,6.079726e-01
1.0,6,3.0,0.358649543116,6.413505e-01
1.0,6,3.25,0.328773881530,6.712261e-01
1.0,6,3.5,0.301564807094,6.984352e-01
1.0,6,3.75,0.276509005048,7.234910e-01
1.0,6,4.0,0.253300160565,7.466998e-01
1.0,6,4.25,0.231757345699,7.682427e-01
1.0,6,4.5,0.211769774872,7.882302e-01
1.0,6,4.75,0.193261265084,8.067387e-01
1.0,6,5.0,0.176168863515,8.238311e-01
1.0,6,5.25,0.160431220281,8.395688e-01
1.0,6,5.5,0.145983306336,8.540167e-01
1.0,6,5.75,0.132754977820,8.672450e-01
1.0,6,6.0,0.120671644112,8.793284e-01
1.0,6,6.25,0.109655895081,8.903441e-01
1.0,6,6.5,0.099629388510,9.003706e-01
1.0,6,6.75,0.090514610781,9.094854e-01
1.0,6,7.0,0.082236329056,9.177637e-01
1.0,6,7.25,0.074722678749,9.252773e-01
1.0,6,7.5,0.067905900271,9.320941e-01
1.0,6,7.75,0.061722772902,9.382772e-01
1.0,6,8.0,0.056114805496,9.438852e-01
1.0,6,8.25,0.051028243073,9.489718e-01
1.0,6,8.5,0.046413941648,9.535861e-01
1.0,6,8.75,0.042227154534,9.577728e-01
1.0,6,9.0,0.038427264134,9.615727e-01
1.0,6,9.25,0.034977484857,9.650225e-01
1.0,6,9.5,0.031844555740,9.681554e-01
1.0,6,9.75,0.028998435730,9.710016e-01
1.0,6,10.0,0.026412010205,9.735880e-01
1.0,6,10.25,0.024060814042,9.759392e-01
1.0,6,10.5,0.021922774182,9.780772e-01
1.0,6,10.75,0.019977972938,9.800220e-01
1.0,6,11.0,0.018208432179,9.817916e-01
1.0,6,11.25,0.016597917748,9.834021e-01
1.0,6,11.5,0.015131763018,9.848682e-01
1.0,6,11.75,0.013796710246,9.862033e-01
1.0,6,12.0,0.012580768249,9.874192e-01
1.0,6,12.25,0.011473084924,9.885269e-01
1.0,6,12.5,0.010463833154,9.895362e-01
1.0,6,12.75,0.009544108756,9.904559e-01
1.0,6,13.0,0.008705839178,9.912942e-01
1.0,6,13.25,0.007941701810,9.920583e-01
1.0,6,13.5,0.007245050841,9.927549e-01
1.0,6,13.75,0.006609851731,9.933901e-01
1.0,6,14.0,0.006030622463,9.939694e-01
1.0,6,14.25,0.005502380804,9.944976e-01
1.0,6,14.5,0.005020596938,9.949794e-01
1.0,6,14.75,0.004581150866,9.954188e-01
1.0,6,15.0,0.004180294061,9.958197e-01
1.0,6,15.25,0.003814614918,9.961854e-01
1.0,6,15.5,0.003481007588,9.965190e-01
1.0,6,15.75,0.003176643847,9.968234e-01
1.0,6,16.0,0.002898947675,9.971011e-01
1.0,6,16.25,0.002645572266,9.973544e-01
1.0,6,16.5,0.002414379219,9.975856e-01
1.0,6,16.75,0.002203419692,9.977966e-01
1.0,6,17.0,0.002010917323,9.979891e-01
1.0,6,17.25,0.001835252729,9.981647e-01
1.0,6,17.5,0.001674949449,9.983251e-01
1.0,6,17.75,0.001528661178,9.984713e-01
1.0,6,18.0,0.001395160161,9.986048e-01
1.0,6,18.25,0.001273326658,9.987267e-01
1.0,6,18.5,0.001162139351,9.988379e-01
1.0,6,18.75,0.001060666626,9.989393e-01
1.0,6,19.0,0.000968058639,9.990319e-01
1.0,6,19.25,0.000883540091,9.991165e-01
1.0,6,19.5,0.000806403654,9.991936e-01
1.0,6,19.75,0.000736003979,9.992640e-01
1.0,6,20.0,0.000671752241,9.993282e-01
1.0,6,20.25,0.000613111171,9.993869e-01
1.0,6,20.5,0.000559590522,9.994404e-01
1.0,6,20.75,0.000510742940,9.994893e-01
1.0,6,21.0,0.000466160204,9.995338e-01
1.0,6,21.25,0.000425469789,9.995745e-01
1.0,6,21.5,0.000388331743,9.996117e-01
1.0,6,21.75,0.000354435828,9.996456e-01
1.0,6,22.0,0.000323498922,9.996765e-01
1.0,6,22.25,0.000295262640,9.997047e-01
1.0,6,22.5,0.000269491177,9.997305e-01
1.0,6,22.75,0.000245969326,9.997540e-01
1.0,6,23.0,0.000224500679,9.997755e-01
1.0,6,23.25,0.000204905983,9.997951e-01
1.0,6,23.5,0.000187021641,9.998130e-01
1.0,6,23.75,0.000170698341,9.998293e-01
1.0,6,24.0,0.000155799812,9.998442e-01
1.0,6,24.25,0.000142201680,9.998578e-01
1.0,6,24.5,0.000129790431,9.998702e-01
1.0,6,24.75,0.000118462462,9.998815e-01
1.0,6,25.0,0.000108123215,9.998919e-01
1.0,6,25.25,0.000098686388,9.999013e-01
1.0,6,25.5,0.000090073212,9.999099e-01
1.0,6,25.75,0.000082211794,9.999178e-01
1.0,6,26.0,0.000075036519,9.999250e-01
1.0,6,26.25,0.000068487497,9.999315e-01
1.0,6,26.5,0.000062510067,9.999375e-01
1.0,6,26.75,0.000057054340,9.999429e-01
1.0,6,27.0,0.000052074781,9.999479e-01
1.0,6,27.25,0.000047529830,9.999525e-01
1.0,6,27.5,0.000043381554,9.999566e-01
1.0,6,27.75,0.000039595331,9.999604e-01
1.0,6,28.0,0.000036139562,9.999639e-01
1.0,6,28.25,0.000032985404,9.999670e-01
1.0,6,28.5,0.000030106534,9.999699e-01
1.0,6,28.75,0.000027478924,9.999725e-01
1.0,6,29.0,0.000025080645,9.999749e-01
1.0,6,29.25,0.000022891682,9.999771e-01
1.0,6,29.5,0.000020893766,9.999791e-01
1.0,6,29.75,0.000019070222,9.999809e-01
1.0,6,30.0,0.000017405832,9.999826e-01
1.0,6,30.25,0.000015886705,9.999841e-01
1.0,6,30.5,0.000014500163,9.999855e-01
1.0,6,30.75,0.000013234634,9.999868e-01
1.0,6,31.0,0.000012079557,9.999879e-01
1.0,6,31.25,0.000011025291,9.999890e-01
1.0,6,31.5,0.000010063039,9.999899e-01
1.0,6,31.75,0.000009184769,9.999908e-01
1.0,6,32.0,0.000008383152,9.999916e-01
1.0,6,32.25,0.000007651497,9.999923e-01
1.0,6,32.5,0.000006983699,9.999930e-01
1.0,6,32.75,0.000006374184,9.999936e-01
1.0,6,33.0,0.000005817866,9.999942e-01
1.0,6,33.25,0.000005310101,9.999947e-01
1.0,6,33.5,0.000004846653,9.999952e-01
1.0,6,33.75,0.000004423653,9.999956e-01
1.0,6,34.0,0.000004037570,9.999960e-01
1.0,6,34.25,0.000003685184,9.999963e-01
1.0,6,34.5,0.000003363553,9.999966e-01
1.0,6,34.75,0.000003069993,9.999969e-01
1.0,6,35.0,0.000002802054,9.999972e-01
1.0,6,35.25,0.000002557500,9.999974e-01
1.0,6,35.5,0.000002334290,9.999977e-01
1.0,6,35.75,0.000002130561,9.999979e-01
1.0,6,36.0,0.000001944612,9.999981e-01
1.0,6,36.25,0.000001774893,9.999982e-01
1.0,6,36.5,0.000001619986,9.999984e-01
1.0,6,36.75,0.000001478599,9.999985e-01
1.0,6,37.0,0.000001349551,9.999987e-01
1.0,6,37.25,0.000001231767,9.999988e-01
1.0,6,37.5,0.000001124262,9.999989e-01
1.0,6,37.75,0.000001026140,9.999990e-01
1.0,6,38.0,0.000000936582,9.999991e-01
1.0,6,38.25,0.000000854840,9.999991e-01
1.0,6,38.5,0.000000780233,9.999992e-01
1.0,6,38.75,0.000000712137,9.999993e-01
1.0,6,39.0,0.000000649984,9.999994e-01
1.0,6,39.25,0.000000593255,9.999994e-01
1.0,6,39.5,0.000000541478,9.999995e-01
1.0,6,39.75,0.000000494219,9.999995e-01
1.0,6,40.0,0.000000451085,9.999995e-01
0.5,4,0.05,0.999999851147,1.488532e-07
0.5,4,0.1,0.999997582926,2.417074e-06
0.5,4,0.15,0.999987597945,1.240206e-05
0.5,4,0.2,0.999960326884,3.967312e-05
0.5,4,0.25,0.999902101644,9.789836e-05
0.5,4,0.3,0.999795113407,2.048866e-04
0.5,4,0.35,0.999617464852,3.825351e-04
0.5,4,0.4,0.999343323621,6.566764e-04
0.5,4,0.45,0.998943181480,1.056819e-03
0.5,4,0.5,0.998384220306,1.615780e-03
0.5,4,0.55,0.997630782377,2.369218e-03
0.5,4,0.6,0.996644938333,3.355062e-03
0.5,4,0.65,0.995387142085,4.612858e-03
0.5,4,0.7,0.993816957846,6.183042e-03
0.5,4,0.75,0.991893840764,8.106159e-03
0.5,4,0.8,0.989577949579,1.042205e-02
0.5,4,0.85,0.986830967437,1.316903e-02
0.5,4,0.9,0.983616905841,1.638309e-02
0.5,4,0.95,0.979902866661,2.009713e-02
0.5,4,1.0,0.975659738320,2.434026e-02
0.5,4,1.05,0.970862804662,2.913720e-02
0.5,4,1.1,0.965492248415,3.450775e-02
0.5,4,1.15,0.959533535450,4.046646e-02
0.5,4,1.2,0.952977670911,4.702233e-02
0.5,4,1.25,0.945821323421,5.417868e-02
0.5,4,1.3,0.938066818709,6.193318e-02
0.5,4,1.35,0.929722008809,7.027799e-02
0.5,4,1.4,0.920800027176,7.919997e-02
0.5,4,1.45,0.911318943569,8.868106e-02
0.5,4,1.5,0.901301335057,9.869866e-02
0.5,4,1.55,0.890773791134,1.092262e-01
0.5,4,1.6,0.879766371578,1.202336e-01
0.5,4,1.65,0.868312035457,1.316880e-01
0.5,4,1.7,0.856446058751,1.435539e-01
0.5,4,1.75,0.844205456451,1.557945e-01
0.5,4,1.8,0.831628423006,1.683716e-01
0.5,4,1.85,0.818753802683,1.812462e-01
0.5,4,1.9,0.805620598983,1.943794e-01
0.5,4,1.95,0.792267529845,2.077325e-01
0.5,4,2.0,0.778732633098,2.212674e-01
0.5,4,2.25,0.709575775888,2.904242e-01
0.5,4,2.5,0.640733349444,3.592667e-01
0.5,4,2.75,0.575018104614,4.249819e-01
0.5,4,3.0,0.514083046468,4.859170e-01
0.5,4,3.25,0.458680474907,5.413195e-01
0.5,4,3.5,0.408957089452,5.910429e-01
0.5,4,3.75,0.364697185409,6.353028e-01
0.5,4,4.0,0.325494411026,6.745056e-01
0.5,4,4.25,0.290861872125,7.091381e-01
0.5,4,4.5,0.260297584861,7.397024e-01
0.5,4,4.75,0.233320501283,7.666795e-01
0.5,4,5.0,0.209488285581,7.905117e-01
0.5,4,5.25,0.188404294847,8.115957e-01
0.5,4,5.5,0.169718467457,8.302815e-01
0.5,4,5.75,0.153124981541,8.468750e-01
0.5,4,6.0,0.138358377743,8.616416e-01
0.5,4,6.25,0.125189121283,8.748109e-01
0.5,4,6.5,0.113419144114,8.865809e-01
0.5,4,6.75,0.102877649670,8.971224e-01
0.5,4,7.0,0.093417311403,9.065827e-01
0.5,4,7.25,0.084910909560,9.150891e-01
0.5,4,7.5,0.077248402622,9.227516e-01
0.5,4,7.75,0.070334404837,9.296656e-01
0.5,4,8.0,0.064086029843,9.359140e-01
0.5,4,8.25,0.058431056804,9.415689e-01
0.5,4,8.5,0.053306376197,9.466936e-01
0.5,4,8.75,0.048656675440,9.513433e-01
0.5,4,9.0,0.044433328557,9.555667e-01
0.5,4,9.25,0.040593458464,9.594065e-01
0.5,4,9.5,0.037099144670,9.629009e-01
0.5,4,9.75,0.033916753156,9.660832e-01
0.5,4,10.0,0.031016368694,9.689836e-01
0.5,4,10.25,0.028371312995,9.716287e-01
0.5,4,10.5,0.025957734732,9.740423e-01
0.5,4,10.75,0.023754259770,9.762457e-01
0.5,4,11.0,0.021741691871,9.782583e-01
0.5,4,11.25,0.019902755782,9.800972e-01
0.5,4,11.5,0.018221875938,9.817781e-01
0.5,4,11.75,0.016684985202,9.833150e-01
0.5,4,12.0,0.015279358954,9.847206e-01
0.5,4,12.25,0.013993470661,9.860065e-01
0.5,4,12.5,0.012816865696,9.871831e-01
0.5,4,12.75,0.011740050701,9.882599e-01
0.5,4,13.0,0.010754396256,9.892456e-01
0.5,4,13.25,0.009852050957,9.901479e-01
0.5,4,13.5,0.009025865326,9.909741e-01
0.5,4,13.75,0.008269324225,9.917307e-01
0.5,4,14.0,0.007576486652,9.924235e-01
0.5,4,14.25,0.006941931954,9.930581e-01
0.5,4,14.5,0.006360711677,9.936393e-01
0.5,4,14.75,0.005828306339,9.941717e-01
0.5,4,15.0,0.005340586552,9.946594e-01
0.5,4,15.25,0.004893777985,9.951062e-01
0.5,4,15.5,0.004484429731,9.955156e-01
0.5,4,15.75,0.004109385696,9.958906e-01
0.5,4,16.0,0.003765758699,9.962342e-01
0.5,4,16.25,0.003450906972,9.965491e-01
0.5,4,16.5,0.003162412836,9.968376e-01
0.5,4,16.75,0.002898063311,9.971019e-01
0.5,4,17.0,0.002655832482,9.973442e-01
0.5,4,17.25,0.002433865440,9.975661e-01
0.5,4,17.5,0.002230463648,9.977695e-01
0.5,4,17.75,0.002044071605,9.979559e-01
0.5,4,18.0,0.001873264664,9.981267e-01
0.5,4,18.25,0.001716737928,9.982833e-01
0.5,4,18.5,0.001573296098,9.984267e-01
0.5,4,18.75,0.001441844201,9.985582e-01
0.5,4,19.0,0.001321379116,9.986786e-01
0.5,4,19.25,0.001210981826,9.987890e-01
0.5,4,19.5,0.001109810329,9.988902e-01
0.5,4,19.75,0.001017093159,9.989829e-01
0.5,4,20.0,0.000932123455,9.990679e-01
0.5,4,20.25,0.000854253530,9.991457e-01
0.5,4,20.5,0.000782889901,9.992171e-01
0.5,4,20.75,0.000717488748,9.992825e-01
0.5,4,21.0,0.000657551742,9.993424e-01
0.5,4,21.25,0.000602622234,9.993974e-01
0.5,4,21.5,0.000552281765,9.994477e-01
0.5,4,21.75,0.000506146865,9.994939e-01
0.5,4,22.0,0.000463866121,9.995361e-01
0.5,4,22.25,0.000425117501,9.995749e-01
0.5,4,22.5,0.000389605889,9.996104e-01
0.5,4,22.75,0.000357060834,9.996429e-01
0.5,4,23.0,0.000327234488,9.996728e-01
0.5,4,23.25,0.000299899718,9.997001e-01
0.5,4,23.5,0.000274848369,9.997252e-01
0.5,4,23.75,0.000251889679,9.997481e-01
0.5,4,24.0,0.000230848827,9.997692e-01
0.5,4,24.25,0.000211565599,9.997884e-01
0.5,4,24.5,0.000193893165,9.998061e-01
0.5,4,24.75,0.000177696965,9.998223e-01
0.5,4,25.0,0.000162853679,9.998371e-01
0.5,4,25.25,0.000149250291,9.998507e-01
0.5,4,25.5,0.000136783224,9.998632e-01
0.5,4,25.75,0.000125357559,9.998746e-01
0.5,4,26.0,0.000114886301,9.998851e-01
0.5,4,26.25,0.000105289726,9.998947e-01
0.5,4,26.5,0.000096494768,9.999035e-01
0.5,4,26.75,0.000088434467,9.999116e-01
0.5,4,27.0,0.000081047454,9.999190e-01
0.5,4,27.25,0.000074277487,9.999257e-01
0.5,4,27.5,0.000068073025,9.999319e-01
0.5,4,27.75,0.000062386828,9.999376e-01
0.5,4,28.0,0.000057175606,9.999428e-01
0.5,4,28.25,0.000052399682,9.999476e-01
0.5,4,28.5,0.000048022696,9.999520e-01
0.5,4,28.75,0.000044011324,9.999560e-01
0.5,4,29.0,0.000040335025,9.999597e-01
0.5,4,29.25,0.000036965811,9.999630e-01
0.5,4,29.5,0.000033878030,9.999661e-01
0.5,4,29.75,0.000031048174,9.999690e-01
0.5,4,30.0,0.000028454698,9.999715e-01
0.5,4,30.25,0.000026077858,9.999739e-01
0.5,4,30.5,0.000023899556,9.999761e-01
0.5,4,30.75,0.000021903210,9.999781e-01
0.5,4,31.0,0.000020073620,9.999799e-01
0.5,4,31.25,0.000018396857,9.999816e-01
0.5,4,31.5,0.000016860155,9.999831e-01
0.5,4,31.75,0.000015451815,9.999845e-01
0.5,4,32.0,0.000014161115,9.999858e-01
0.5,4,32.25,0.000012978227,9.999870e-01
0.5,4,32.5,0.000011894148,9.999881e-01
0.5,4,32.75,0.000010900622,9.999891e-01
0.5,4,33.0,0.000009990085,9.999900e-01
0.5,4,33.25,0.000009155607,9.999908e-01
0.5,4,33.5,0.000008390833,9.999916e-01
0.5,4,33.75,0.000007689941,9.999923e-01
0.5,4,34.0,0.000007047596,9.999930e-01
0.5,4,34.25,0.000006458905,9.999935e-01
0.5,4,34.5,0.000005919389,9.999941e-01
0.5,4,34.75,0.000005424938,9.999946e-01
0.5,4,35.0,0.000004971790,9.999950e-01
0.5,4,35.25,0.000004556493,9.999954e-01
0.5,4,35.5,0.000004175886,9.999958e-01
0.5,4,35.75,0.000003827072,9.999962e-01
0.5,4,36.0,0.000003507394,9.999965e-01
0.5,4,36.25,0.000003214419,9.999968e-01
0.5,4,36.5,0.000002945917,9.999971e-01
0.5,4,36.75,0.000002699842,9.999973e-01
0.5,4,37.0,0.000002474323,9.999975e-01
0.5,4,37.25,0.000002267641,9.999977e-01
0.5,4,37.5,0.000002078223,9.999979e-01
0.5,4,37.75,0.000001904628,9.999981e-01
0.5,4,38.0,0.000001745533,9.999983e-01
0.5,4,38.25,0.000001599728,9.999984e-01
0.5,4,38.5,0.000001466101,9.999985e-01
0.5,4,38.75,0.000001343637,9.999987e-01
0.5,4,39.0,0.000001231402,9.999988e-01
0.5,4,39.25,0.000001128542,9.999989e-01
0.5,4,39.5,0.000001034274,9.999990e-01
0.5,4,39.75,0.000000947881,9.999991e-01
0.5,4,40.0,0.000000868704,9.999991e-01
0.5,6,0.05,0.999999999977,2.344258e-11
0.5,6,0.1,0.999999998466,1.533857e-09
0.5,6,0.15,0.999999982176,1.782368e-08
0.5,6,0.2,0.999999898053,1.019469e-07
0.5,6,0.25,0.999999604965,3.950348e-07
0.5,6,0.3,0.999998804464,1.195536e-06
0.5,6,0.35,0.999996951366,3.048634e-06
0.5,6,0.4,0.999993146248,6.853752e-06
0.5,6,0.45,0.999986013320,1.398668e-05
0.5,6,0.5,0.999973568372,2.643163e-05
0.5,6,0.55,0.999953082555,4.691744e-05
0.5,6,0.6,0.999920948513,7.905149e-05
0.5,6,0.65,0.999872555781,1.274442e-04
0.5,6,0.7,0.999802182365,1.978176e-04
0.5,6,0.75,0.999702909002,2.970910e-04
0.5,6,0.8,0.999566561819,4.334382e-04
0.5,6,0.85,0.999383687952,6.163120e-04
0.5,6,0.9,0.999143567323,8.564327e-04
0.5,6,0.95,0.998834262185,1.165738e-03
0.5,6,1.0,0.998442704437,1.557296e-03
0.5,6,1.05,0.997954819105,2.045181e-03
0.5,6,1.1,0.997355680885,2.644319e-03
0.5,6,1.15,0.996629699385,3.370301e-03
0.5,6,1.2,0.995760827633,4.239172e-03
0.5,6,1.25,0.994732787681,5.267212e-03
0.5,6,1.3,0.993529306690,6.470693e-03
0.5,6,1.35,0.992134356713,7.865643e-03
0.5,6,1.4,0.990532391581,9.467608e-03
0.5,6,1.45,0.988708574638,1.129143e-02
0.5,6,1.5,0.986648991720,1.335101e-02
0.5,6,1.55,0.984340844544,1.565916e-02
0.5,6,1.6,0.981772620552,1.822738e-02
0.5,6,1.65,0.978934236251,2.106576e-02
0.5,6,1.7,0.975817152033,2.418285e-02
0.5,6,1.75,0.972414457466,2.758554e-02
0.5,6,1.8,0.968720926921,3.127907e-02
0.5,6,1.85,0.964733046250,3.526695e-02
0.5,6,1.9,0.960449011917,3.955099e-02
0.5,6,1.95,0.955868704591,4.413130e-02
0.5,6,2.0,0.950993639675,4.900636e-02
0.5,6,2.25,0.922354299167,7.764570e-02
0.5,6,2.5,0.887352660992,1.126473e-01
0.5,6,2.75,0.847400445037,1.525996e-01
0.5,6,3.0,0.804105147606,1.958949e-01
0.5,6,3.25,0.758999837844,2.410002e-01
0.5,6,3.5,0.713391851439,2.866081e-01
0.5,6,3.75,0.668308707582,3.316913e-01
0.5,6,4.0,0.624504916038,3.754951e-01
0.5,6,4.25,0.582498492768,4.175015e-01
0.5,6,4.5,0.542616809262,4.573832e-01
0.5,6,4.75,0.505040877286,4.949591e-01
0.5,6,5.0,0.469843445683,5.301566e-01
0.5,6,5.25,0.437019759507,5.629802e-01
0.5,6,5.5,0.406511455947,5.934885e-01
0.5,6,5.75,0.378224661307,6.217753e-01
0.5,6,6.0,0.352043439964,6.479566e-01
0.5,6,6.25,0.327839626353,6.721604e-01
0.5,6,6.5,0.305479891325,6.945201e-01
0.5,6,6.75,0.284830717814,7.151693e-01
0.5,6,7.0,0.265761809871,7.342382e-01
0.5,6,7.25,0.248148337601,7.518517e-01
0.5,6,7.5,0.231872325299,7.681277e-01
0.5,6,7.75,0.216823416403,7.831766e-01
0.5,6,8.0,0.202899192138,7.971008e-01
0.5,6,8.25,0.190005177078,8.099948e-01
0.5,6,8.5,0.178054631335,8.219454e-01
0.5,6,8.75,0.166968203373,8.330318e-01
0.5,6,9.0,0.156673497792,8.433265e-01
0.5,6,9.25,0.147104597450,8.528954e-01
0.5,6,9.5,0.138201567962,8.617984e-01
0.5,6,9.75,0.129909964097,8.700900e-01
0.5,6,10.0,0.122180351208,8.778196e-01
0.5,6,10.25,0.114967850174,8.850321e-01
0.5,6,10.5,0.108231710884,8.917683e-01
0.5,6,10.75,0.101934916841,8.980651e-01
0.5,6,11.0,0.096043821712,9.039562e-01
0.5,6,11.25,0.090527817497,9.094722e-01
0.5,6,11.5,0.085359033136,9.146410e-01
0.5,6,11.75,0.080512061933,9.194879e-01
0.5,6,12.0,0.075963715848,9.240363e-01
0.5,6,12.25,0.071692804585,9.283072e-01
0.5,6,12.5,0.067679937389,9.323201e-01
0.5,6,12.75,0.063907345472,9.360927e-01
0.5,6,13.0,0.060358723116,9.396413e-01
0.5,6,13.25,0.057019085582,9.429809e-01
0.5,6,13.5,0.053874642114,9.461254e-01
0.5,6,13.75,0.050912682446,9.490873e-01
0.5,6,14.0,0.048121475377,9.518785e-01
0.5,6,14.25,0.045490178094,9.545098e-01
0.5,6,14.5,0.043008755077,9.569912e-01
0.5,6,14.75,0.040667905519,9.593321e-01
0.5,6,15.0,0.038458998310,9.615410e-01
0.5,6,15.25,0.036374013754,9.636260e-01
0.5,6,15.5,0.034405491249,9.655945e-01
0.5,6,15.75,0.032546482277,9.674535e-01
0.5,6,16.0,0.030790508102,9.692095e-01
0.5,6,16.25,0.029131521655,9.708685e-01
0.5,6,16.5,0.027563873134,9.724361e-01
0.5,6,16.75,0.026082278925,9.739177e-01
0.5,6,17.0,0.024681793456,9.753182e-01
0.5,6,17.25,0.023357783684,9.766422e-01
0.5,6,17.5,0.022105905919,9.778941e-01
0.5,6,17.75,0.020922084742,9.790779e-01
0.5,6,18.0,0.019802493785,9.801975e-01
0.5,6,18.25,0.018743538187,9.812565e-01
0.5,6,18.5,0.017741838553,9.822582e-01
0.5,6,18.75,0.016794216247,9.832058e-01
0.5,6,19.0,0.015897679909,9.841023e-01
0.5,6,19.25,0.015049413052,9.849506e-01
0.5,6,19.5,0.014246762643,9.857532e-01
0.5,6,19.75,0.013487228575,9.865128e-01
0.5,6,20.0,0.012768453945,9.872315e-01
0.5,6,20.25,0.012088216051,9.879118e-01
0.5,6,20.5,0.011444418065,9.885556e-01
0.5,6,20.75,0.010835081297,9.891649e-01
0.5,6,21.0,0.010258338018,9.897417e-01
0.5,6,21.25,0.009712424775,9.902876e-01
0.5,6,21.5,0.009195676177,9.908043e-01
0.5,6,21.75,0.008706519094,9.912935e-01
0.5,6,22.0,0.008243467243,9.917565e-01
0.5,6,22.25,0.007805116134,9.921949e-01
0.5,6,22.5,0.007390138343,9.926099e-01
0.5,6,22.75,0.006997279082,9.930027e-01
0.5,6,23.0,0.006625352057,9.933746e-01
0.5,6,23.25,0.006273235577,9.937268e-01
0.5,6,23.5,0.005939868908,9.940601e-01
0.5,6,23.75,0.005624248848,9.943758e-01
0.5,6,24.0,0.005325426512,9.946746e-01
0.5,6,24.25,0.005042504299,9.949575e-01
0.5,6,24.5,0.004774633056,9.952254e-01
0.5,6,24.75,0.004521009393,9.954790e-01
0.5,6,25.0,0.004280873164,9.957191e-01
0.5,6,25.25,0.004053505093,9.959465e-01
0.5,6,25.5,0.003838224530,9.961618e-01
0.5,6,25.75,0.003634387347,9.963656e-01
0.5,6,26.0,0.003441383943,9.965586e-01
0.5,6,26.25,0.003258637366,9.967414e-01
0.5,6,26.5,0.003085601545,9.969144e-01
0.5,6,26.75,0.002921759612,9.970782e-01
0.5,6,27.0,0.002766622325,9.972334e-01
0.5,6,27.25,0.002619726575,9.973803e-01
0.5,6,27.5,0.002480633981,9.975194e-01
0.5,6,27.75,0.002348929551,9.976511e-01
0.5,6,28.0,0.002224220430,9.977758e-01
0.5,6,28.25,0.002106134707,9.978939e-01
0.5,6,28.5,0.001994320294,9.980057e-01
0.5,6,28.75,0.001888443862,9.981116e-01
0.5,6,29.0,0.001788189833,9.982118e-01
0.5,6,29.25,0.001693259433,9.983067e-01
0.5,6,29.5,0.001603369793,9.983966e-01
0.5,6,29.75,0.001518253098,9.984817e-01
0.5,6,30.0,0.001437655782,9.985623e-01
0.5,6,30.25,0.001361337766,9.986387e-01
0.5,6,30.5,0.001289071743,9.987109e-01
0.5,6,30.75,0.001220642491,9.987794e-01
0.5,6,31.0,0.001155846232,9.988442e-01
0.5,6,31.25,0.001094490021,9.989055e-01
0.5,6,31.5,0.001036391170,9.989636e-01
0.5,6,31.75,0.000981376697,9.990186e-01
0.5,6,32.0,0.000929282817,9.990707e-01
0.5,6,32.25,0.000879954445,9.991200e-01
0.5,6,32.5,0.000833244736,9.991668e-01
0.5,6,32.75,0.000789014648,9.992110e-01
0.5,6,33.0,0.000747132525,9.992529e-01
0.5,6,33.25,0.000707473703,9.992925e-01
0.5,6,33.5,0.000669920142,9.993301e-01
0.5,6,33.75,0.000634360070,9.993656e-01
0.5,6,34.0,0.000600687651,9.993993e-01
0.5,6,34.25,0.000568802670,9.994312e-01
0.5,6,34.5,0.000538610235,9.994614e-01
0.5,6,34.75,0.000510020491,9.994900e-01
0.5,6,35.0,0.000482948357,9.995171e-01
0.5,6,35.25,0.000457313266,9.995427e-01
0.5,6,35.5,0.000433038934,9.995670e-01
0.5,6,35.75,0.000410053122,9.995899e-01
0.5,6,36.0,0.000388287430,9.996117e-01
0.5,6,36.25,0.000367677089,9.996323e-01
0.5,6,36.5,0.000348160768,9.996518e-01
0.5,6,36.75,0.000329680392,9.996703e-01
0.5,6,37.0,0.000312180970,9.996878e-01
0.5,6,37.25,0.000295610431,9.997044e-01
0.5,6,37.5,0.000279919465,9.997201e-01
0.5,6,37.75,0.000265061385,9.997349e-01
0.5,6,38.0,0.000250991977,9.997490e-01
0.5,6,38.25,0.000237669379,9.997623e-01
0.5,6,38.5,0.000225053948,9.997749e-01
0.5,6,38.75,0.000213108146,9.997869e-01
0.5,6,39.0,0.000201796429,9.997982e-01
0.5,6,39.25,0.000191085139,9.998089e-01
0.5,6,39.5,0.000180942405,9.998191e-01
0.5,6,39.75,0.000171338046,9.998287e-01
0.5,6,40.0,0.000162243487,9.998378e-01
0.5,8,0.05,1.000000000000,5.329071e-15
0.5,8,0.1,0.999999999999,9.716672e-13
0.5,8,0.15,0.999999999974,2.562217e-11
0.5,8,0.2,0.999999999738,2.620872e-10
0.5,8,0.25,0.999999998405,1.595110e-09
0.5,8,0.3,0.999999993017,6.982695e-09
0.5,8,0.35,0.999999975674,2.432620e-08
0.5,8,0.4,0.999999928359,7.164140e-08
0.5,8,0.45,0.999999814560,1.854399e-07
0.5,8,0.5,0.999999566750,4.332500e-07
0.5,8,0.55,0.999999068875,9.311255e-07
0.5,8,0.6,0.999998133197,1.866803e-06
0.5,8,0.65,0.999996471124,3.528876e-06
0.5,8,0.7,0.999993658029,6.341971e-06
0.5,8,0.75,0.999989092528,1.090747e-05
0.5,8,0.8,0.999981951127,1.804887e-05
0.5,8,0.85,0.999971139603,2.886040e-05
0.5,8,0.9,0.999955242888,4.475711e-05
0.5,8,0.95,0.999932475491,6.752451e-05
0.5,8,1.0,0.999900634700,9.936530e-05
0.5,8,1.05,0.999857058810,1.429412e-04
0.5,8,1.1,0.999798592546,2.014075e-04
0.5,8,1.15,0.999721561585,2.784384e-04
0.5,8,1.2,0.999621757763,3.782422e-04
0.5,8,1.25,0.999494436083,5.055639e-04
0.5,8,1.3,0.999334324200,6.656758e-04
0.5,8,1.35,0.999135644502,8.643555e-04
0.5,8,1.4,0.998892148466,1.107852e-03
0.5,8,1.45,0.998597162475,1.402838e-03
0.5,8,1.5,0.998243643924,1.756356e-03
0.5,8,1.55,0.997824246110,2.175754e-03
0.5,8,1.6,0.997331390171,2.668610e-03
0.5,8,1.65,0.996757342226,3.242658e-03
0.5,8,1.7,0.996094293765,3.905706e-03
0.5,8,1.75,0.995334443400,4.665557e-03
0.5,8,1.8,0.994470078142,5.529922e-03
0.5,8,1.85,0.993493652527,6.506347e-03
0.5,8,1.9,0.992397864084,7.602136e-03
0.5,8,1.95,0.991175723848,8.824276e-03
0.5,8,2.0,0.989820620862,1.017938e-02
0.5,8,2.25,0.980852366708,1.914763e-02
0.5,8,2.5,0.967864787741,3.213521e-02
0.5,8,2.75,0.950662122153,4.933788e-02
0.5,8,3.0,0.929399689650,7.060031e-02
0.5,8,3.25,0.904502233254,9.549777e-02
0.5,8,3.5,0.876561347173,1.234387e-01
0.5,8,3.75,0.846241574940,1.537584e-01
0.5,8,4.0,0.814208915378,1.857911e-01
0.5,8,4.25,0.781083965078,2.189160e-01
0.5,8,4.5,0.747415956141,2.525840e-01
0.5,8,4.75,0.713672062821,2.863279e-01
0.5,8,5.0,0.680236678176,3.197633e-01
0.5,8,5.25,0.647416529721,3.525835e-01
0.5,8,5.5,0.615448758730,3.845512e-01
0.5,8,5.75,0.584510122137,4.154899e-01
0.5,8,6.0,0.554726222749,4.452738e-01
0.5,8,6.25,0.526180169536,4.738198e-01
0.5,8,6.5,0.498920380123,5.010796e-01
0.5,8,6.75,0.472967422172,5.270326e-01
0.5,8,7.0,0.448319894989,5.516801e-01
0.5,8,7.25,0.424959408308,5.750406e-01
0.5,8,7.5,0.402854741945,5.971453e-01
0.5,8,7.75,0.381965279953,6.180347e-01
0.5,8,8.0,0.362243813432,6.377562e-01
0.5,8,8.25,0.343638801509,6.563612e-01
0.5,8,8.5,0.326096172755,6.739038e-01
0.5,8,8.75,0.309560740831,6.904393e-01
0.5,8,9.0,0.293977299461,7.060227e-01
0.5,8,9.25,0.279291453330,7.207085e-01
0.5,8,9.5,0.265450233502,7.345498e-01
0.5,8,9.75,0.252402538697,7.475975e-01
0.5,8,10.0,0.240099437201,7.599006e-01
0.5,8,10.25,0.228494358457,7.715056e-01
0.5,8,10.5,0.217543198328,7.824568e-01
0.5,8,10.75,0.207204357789,7.927956e-01
0.5,8,11.0,0.197438731054,8.025613e-01
0.5,8,11.25,0.188209656152,8.117903e-01
0.5,8,11.5,0.179482838310,8.205172e-01
0.5,8,11.75,0.171226254408,8.287737e-01
0.5,8,12.0,0.163410045001,8.365900e-01
0.5,8,12.25,0.156006398960,8.439936e-01
0.5,8,12.5,0.148989434627,8.510106e-01
0.5,8,12.75,0.142335080417,8.576649e-01
0.5,8,13.0,0.136020957082,8.639790e-01
0.5,8,13.25,0.130026263210,8.699737e-01
0.5,8,13.5,0.124331665098,8.756683e-01
0.5,8,13.75,0.118919191731,8.810808e-01
0.5,8,14.0,0.113772135343,8.862279e-01
0.5,8,14.25,0.108874957801,8.911250e-01
0.5,8,14.5,0.104213202871,8.957868e-01
0.5,8,14.75,0.099773414340,9.002266e-01
0.5,8,15.0,0.095543059833,9.044569e-01
0.5,8,15.25,0.091510460134,9.084895e-01
0.5,8,15.5,0.087664723754,9.123353e-01
0.5,8,15.75,0.083995686479,9.160043e-01
0.5,8,16.0,0.080493855594,9.195061e-01
0.5,8,16.25,0.077150358509,9.228496e-01
0.5,8,16.5,0.073956895461,9.260431e-01
0.5,8,16.75,0.070905696034,9.290943e-01
0.5,8,17.0,0.067989479198,9.320105e-01
0.5,8,17.25,0.065201416596,9.347986e-01
0.5,8,17.5,0.062535098849,9.374649e-01
0.5,8,17.75,0.059984504612,9.400155e-01
0.5,8,18.0,0.057543972176,9.424560e-01
0.5,8,18.25,0.055208173400,9.447918e-01
0.5,8,18.5,0.052972089777,9.470279e-01
0.5,8,18.75,0.050830990463,9.491690e-01
0.5,8,19.0,0.048780412089,9.512196e-01
0.5,8,19.25,0.046816140223,9.531839e-01
0.5,8,19.5,0.044934192316,9.550658e-01
0.5,8,19.75,0.043130802031,9.568692e-01
0.5,8,20.0,0.041402404814,9.585976e-01
0.5,8,20.25,0.039745624609,9.602544e-01
0.5,8,20.5,0.038157261623,9.618427e-01
0.5,8,20.75,0.036634281037,9.633657e-01
0.5,8,21.0,0.035173802592,9.648262e-01
0.5,8,21.25,0.033773090976,9.662269e-01
0.5,8,21.5,0.032429546927,9.675705e-01
0.5,8,21.75,0.031140699018,9.688593e-01
0.5,8,22.0,0.029904196032,9.700958e-01
0.5,8,22.25,0.028717799913,9.712822e-01
0.5,8,22.5,0.027579379214,9.724206e-01
0.5,8,22.75,0.026486903013,9.735131e-01
0.5,8,23.0,0.025438435267,9.745616e-01
0.5,8,23.25,0.024432129548,9.755679e-01
0.5,8,23.5,0.023466224145,9.765338e-01
0.5,8,23.75,0.022539037496,9.774610e-01
0.5,8,24.0,0.021648963920,9.783510e-01
0.5,8,24.25,0.020794469642,9.792055e-01
0.5,8,24.5,0.019974089057,9.800259e-01
0.5,8,24.75,0.019186421248,9.808136e-01
0.5,8,25.0,0.018430126712,9.815699e-01
0.5,8,25.25,0.017703924295,9.822961e-01
0.5,8,25.5,0.017006588312,9.829934e-01
0.5,8,25.75,0.016336945837,9.836631e-01
0.5,8,26.0,0.015693874156,9.843061e-01
0.5,8,26.25,0.015076298371,9.849237e-01
0.5,8,26.5,0.014483189133,9.855168e-01
0.5,8,26.75,0.013913560512,9.860864e-01
0.5,8,27.0,0.013366467985,9.866335e-01
0.5,8,27.25,0.012841006523,9.871590e-01
0.5,8,27.5,0.012336308801,9.876637e-01
0.5,8,27.75,0.011851543486,9.881485e-01
0.5,8,28.0,0.011385913625,9.886141e-01
0.5,8,28.25,0.010938655113,9.890613e-01
0.5,8,28.5,0.010509035244,9.894910e-01
0.5,8,28.75,0.010096351329,9.899036e-01
0.5,8,29.0,0.009699929387,9.903001e-01
0.5,8,29.25,0.009319122905,9.906809e-01
0.5,8,29.5,0.008953311647,9.910467e-01
0.5,8,29.75,0.008601900534,9.913981e-01
0.5,8,30.0,0.008264318569,9.917357e-01
0.5,8,30.25,0.007940017816,9.920600e-01
0.5,8,30.5,0.007628472424,9.923715e-01
0.5,8,30.75,0.007329177705,9.926708e-01
0.5,8,31.0,0.007041649240,9.929584e-01
0.5,8,31.25,0.006765422041,9.932346e-01
0.5,8,31.5,0.006500049741,9.935000e-01
0.5,8,31.75,0.006245103824,9.937549e-01
0.5,8,32.0,0.006000172889,9.939998e-01
0.5,8,32.25,0.005764861944,9.942351e-01
0.5,8,32.5,0.005538791739,9.944612e-01
0.5,8,32.75,0.005321598117,9.946784e-01
0.5,8,33.0,0.005112931400,9.948871e-01
0.5,8,33.25,0.004912455803,9.950875e-01
0.5,8,33.5,0.004719848867,9.952802e-01
0.5,8,33.75,0.004534800921,9.954652e-01
0.5,8,34.0,0.004357014565,9.956430e-01
0.5,8,34.25,0.004186204176,9.958138e-01
0.5,8,34.5,0.004022095433,9.959779e-01
0.5,8,34.75,0.003864424863,9.961356e-01
0.5,8,35.0,0.003712939407,9.962871e-01
0.5,8,35.25,0.003567396002,9.964326e-01
0.5,8,35.5,0.003427561178,9.965724e-01
0.5,8,35.75,0.003293210683,9.967068e-01
0.5,8,36.0,0.003164129105,9.968359e-01
0.5,8,36.25,0.003040109529,9.969599e-01
0.5,8,36.5,0.002920953192,9.970790e-01
0.5,8,36.75,0.002806469162,9.971935e-01
0.5,8,37.0,0.002696474026,9.973035e-01
0.5,8,37.25,0.002590791592,9.974092e-01
0.5,8,37.5,0.002489252602,9.975107e-01
0.5,8,37.75,0.002391694459,9.976083e-01
0.5,8,38.0,0.002297960960,9.977020e-01
0.5,8,38.25,0.002207902046,9.977921e-01
0.5,8,38.5,0.002121373556,9.978786e-01
0.5,8,38.75,0.002038236996,9.979618e-01
0.5,8,39.0,0.001958359317,9.980416e-01
0.5,8,39.25,0.001881612696,9.981184e-01
0.5,8,39.5,0.001807874331,9.981921e-01
0.5,8,39.75,0.001737026244,9.982630e-01
0.5,8,40.0,0.001668955090,9.983310e-01
