S,c,n,beta=cn,"S(n,beta)",1-S
1.0,0.250000,4,1.0,0.658504728276,3.414953e-01
1.0,0.250000,6,1.5,0.681049656663,3.189503e-01
1.0,0.500000,4,2.0,0.307515351900,6.924846e-01
1.0,0.500000,6,3.0,0.358649543116,6.413505e-01
1.0,0.636620,4,2.5464790894703255,0.216822245839,7.831778e-01
1.0,0.636620,6,3.819718634205488,0.269860450288,7.301395e-01
1.0,1.000000,4,4.0,0.081549321518,9.184507e-01
1.0,1.000000,6,6.0,0.120671644112,8.793284e-01
1.0,2.000000,4,8.0,0.005088895834,9.949111e-01
1.0,2.000000,6,12.0,0.012580768249,9.874192e-01
0.5,0.250000,4,1.0,0.975659738320,2.434026e-02
0.5,0.250000,6,1.5,0.986648991720,1.335101e-02
0.5,0.250000,8,2.0,0.989820620862,1.017938e-02
0.5,0.500000,4,2.0,0.778732633098,2.212674e-01
0.5,0.500000,6,3.0,0.804105147606,1.958949e-01
0.5,0.500000,8,4.0,0.814208915378,1.857911e-01
0.5,0.636620,4,2.5464790894703255,0.628215186560,3.717848e-01
0.5,0.636620,6,3.819718634205488,0.655938114064,3.440619e-01
0.5,0.636620,8,5.092958178940651,0.667947137814,3.320529e-01
0.5,1.000000,4,4.0,0.325494411026,6.745056e-01
0.5,1.000000,6,6.0,0.352043439964,6.479566e-01
0.5,1.000000,8,8.0,0.362243813432,6.377562e-01
0.5,2.000000,4,8.0,0.064086029843,9.359140e-01
0.5,2.000000,6,12.0,0.075963715848,9.240363e-01
0.5,2.000000,8,16.0,0.080493855594,9.195061e-01
