S,c,L,beta=cL,"T(L,beta)",1-T
1.0,0.25,4,1.0,0.179556287684,8.204437e-01
1.0,0.25,6,1.5,0.195903580101,8.040964e-01
1.0,0.25,8,2.0,0.226768101391,7.732319e-01
1.0,0.25,10,2.5,0.260594127393,7.394059e-01
1.0,0.25,12,3.0,0.296612030989,7.033880e-01
1.0,0.5,4,2.0,0.512799517165,4.872005e-01
1.0,0.5,6,3.0,0.562292185992,4.377078e-01
1.0,0.5,8,4.0,0.618903024673,3.810970e-01
1.0,0.5,10,5.0,0.679389312317,3.206107e-01
1.0,0.5,12,6.0,0.739967955334,2.600320e-01
1.0,1.0,4,4.0,0.899331642362,1.006684e-01
1.0,1.0,6,6.0,0.925460964543,7.453904e-02
1.0,1.0,8,8.0,0.950172006840,4.982799e-02
1.0,1.0,10,10.0,0.969261649201,3.073835e-02
1.0,1.0,12,12.0,0.982286076390,1.771392e-02
1.0,2.0,4,8.0,0.997990594709,2.009405e-03
1.0,2.0,6,12.0,0.998947562487,1.052438e-03
1.0,2.0,8,16.0,0.999549656513,4.503435e-04
1.0,2.0,10,20.0,0.999834168399,1.658316e-04
1.0,2.0,12,24.0,0.999946133441,5.386656e-05
0.5,0.25,4,1.0,0.142027866409,8.579721e-01
0.5,0.25,6,1.5,0.107806881233,8.921931e-01
0.5,0.25,8,2.0,0.104872659977,8.951273e-01
0.5,0.25,10,2.5,0.110387387398,8.896126e-01
0.5,0.25,12,3.0,0.117409555349,8.825904e-01
0.5,0.25,14,3.5,0.123633895250,8.763661e-01
0.5,0.25,16,4.0,0.128516751122,8.714832e-01
0.5,0.25,18,4.5,0.132159144400,8.678409e-01
0.5,0.5,4,2.0,0.442025931690,5.579741e-01
0.5,0.5,6,3.0,0.464372438982,5.356276e-01
0.5,0.5,8,4.0,0.484970401778,5.150296e-01
0.5,0.5,10,5.0,0.497101978264,5.028980e-01
0.5,0.5,12,6.0,0.504158358521,4.958416e-01
0.5,0.5,14,7.0,0.508577906645,4.914221e-01
0.5,0.5,16,8.0,0.511582101443,4.884179e-01
0.5,0.5,18,9.0,0.513764292311,4.862357e-01
0.5,1.0,4,4.0,0.895404904717,1.045951e-01
0.5,1.0,6,6.0,0.906936000992,9.306400e-02
0.5,1.0,8,8.0,0.913223929168,8.677607e-02
0.5,1.0,10,10.0,0.917159523266,8.284048e-02
0.5,1.0,12,12.0,0.919888028549,8.011197e-02
0.5,1.0,14,14.0,0.921906265340,7.809373e-02
0.5,1.0,16,16.0,0.923468444818,7.653156e-02
0.5,1.0,18,18.0,0.924719265758,7.528073e-02
0.5,2.0,4,8.0,0.997989024417,2.010976e-03
0.5,2.0,6,12.0,0.998381410618,1.618589e-03
0.5,2.0,8,16.0,0.998600727564,1.399272e-03
0.5,2.0,10,20.0,0.998736038246,1.263962e-03
0.5,2.0,12,24.0,0.998827691275,1.172309e-03
0.5,2.0,14,28.0,0.998894125658,1.105874e-03
0.5,2.0,16,32.0,0.998944722518,1.055277e-03
0.5,2.0,18,36.0,0.998984717389,1.015283e-03
